https://en.wikipedia.org/wiki/%27N_Sync	&#39;N Sync
https://en.wikipedia.org/wiki/10,000_Maniacs	10,000 Maniacs
https://en.wikipedia.org/wiki/112_(band)	112 (band)
https://en.wikipedia.org/wiki/20_Fingers	20 Fingers
https://en.wikipedia.org/wiki/2Pac	2Pac
https://en.wikipedia.org/wiki/2_Chainz	2 Chainz
https://en.wikipedia.org/wiki/2_Pistols	2 Pistols
https://en.wikipedia.org/wiki/3LW	3LW
https://en.wikipedia.org/wiki/3OH!3	3OH!3
https://en.wikipedia.org/wiki/3T	3T
https://en.wikipedia.org/wiki/3_Doors_Down	3 Doors Down
https://en.wikipedia.org/wiki/4_Non_Blondes	4 Non Blondes
https://en.wikipedia.org/wiki/4_P.M._(group)	4 P.M. (group)
https://en.wikipedia.org/wiki/50_Cent	50 Cent
https://en.wikipedia.org/wiki/5_Seconds_of_Summer	5 Seconds of Summer
https://en.wikipedia.org/wiki/69_Boyz	69 Boyz
https://en.wikipedia.org/wiki/702_(band)	702 (band)
https://en.wikipedia.org/wiki/8Ball_%26_MJG	8Ball &amp; MJG
https://en.wikipedia.org/wiki/95_South	95 South
https://en.wikipedia.org/wiki/98_Degrees	98 Degrees
https://en.wikipedia.org/wiki/ASAP_Rocky	ASAP Rocky
https://en.wikipedia.org/wiki/AZ_(rapper)	AZ (rapper)
https://en.wikipedia.org/wiki/A_Great_Big_World	A Great Big World
https://en.wikipedia.org/wiki/Aaliyah	Aaliyah
https://en.wikipedia.org/wiki/Aaron_Hall_(musician)	Aaron Hall (musician)
https://en.wikipedia.org/wiki/Ace_Hood	Ace Hood
https://en.wikipedia.org/wiki/Ace_of_Base	Ace of Base
https://en.wikipedia.org/wiki/Adam_Clayton	Adam Clayton
https://en.wikipedia.org/wiki/Adam_Lambert	Adam Lambert
https://en.wikipedia.org/wiki/Adam_Levine	Adam Levine
https://en.wikipedia.org/wiki/Adele	Adele
https://en.wikipedia.org/wiki/Adina_Howard	Adina Howard
https://en.wikipedia.org/wiki/Aerosmith	Aerosmith
https://en.wikipedia.org/wiki/Afrojack	Afrojack
https://en.wikipedia.org/wiki/After_7	After 7
https://en.wikipedia.org/wiki/Ahmad_(rapper)	Ahmad (rapper)
https://en.wikipedia.org/wiki/Akon	Akon
https://en.wikipedia.org/wiki/Alabama_(band)	Alabama (band)
https://en.wikipedia.org/wiki/Alan_Jackson	Alan Jackson
https://en.wikipedia.org/wiki/Alanis_Morissette	Alanis Morissette
https://en.wikipedia.org/wiki/Alejandro_Sanz	Alejandro Sanz
https://en.wikipedia.org/wiki/Alex_Band	Alex Band
https://en.wikipedia.org/wiki/Alex_Clare	Alex Clare
https://en.wikipedia.org/wiki/Ali_%26_Gipp	Ali &amp; Gipp
https://en.wikipedia.org/wiki/Alice_Deejay	Alice Deejay
https://en.wikipedia.org/wiki/Alicia_Keys	Alicia Keys
https://en.wikipedia.org/wiki/All-4-One	All-4-One
https://en.wikipedia.org/wiki/All_Saints_(group)	All Saints (group)
https://en.wikipedia.org/wiki/Allure_(group)	Allure (group)
https://en.wikipedia.org/wiki/Aloe_Blacc	Aloe Blacc
https://en.wikipedia.org/wiki/Amanda_Perez	Amanda Perez
https://en.wikipedia.org/wiki/Amber_(performer)	Amber (performer)
https://en.wikipedia.org/wiki/American_Authors	American Authors
https://en.wikipedia.org/wiki/Amerie	Amerie
https://en.wikipedia.org/wiki/Amil_(rapper)	Amil (rapper)
https://en.wikipedia.org/wiki/Amy_Grant	Amy Grant
https://en.wikipedia.org/wiki/Amy_Winehouse	Amy Winehouse
https://en.wikipedia.org/wiki/Andr%C3%A9_3000	André 3000
https://en.wikipedia.org/wiki/Angie_Martinez	Angie Martinez
https://en.wikipedia.org/wiki/Anna_Kendrick	Anna Kendrick
https://en.wikipedia.org/wiki/Annie_Lennox	Annie Lennox
https://en.wikipedia.org/wiki/Anthony_Hamilton_(musician)	Anthony Hamilton (musician)
https://en.wikipedia.org/wiki/Aqua_(band)	Aqua (band)
https://en.wikipedia.org/wiki/Aretha_Franklin	Aretha Franklin
https://en.wikipedia.org/wiki/Ariana_Grande	Ariana Grande
https://en.wikipedia.org/wiki/Arrested_Development_(group)	Arrested Development (group)
https://en.wikipedia.org/wiki/Ashanti_(entertainer)	Ashanti (entertainer)
https://en.wikipedia.org/wiki/Asher_Roth	Asher Roth
https://en.wikipedia.org/wiki/Ashlee_Simpson	Ashlee Simpson
https://en.wikipedia.org/wiki/Athena_Cage	Athena Cage
https://en.wikipedia.org/wiki/Atlantic_Starr	Atlantic Starr
https://en.wikipedia.org/wiki/Audioslave	Audioslave
https://en.wikipedia.org/wiki/Avant_(singer)	Avant (singer)
https://en.wikipedia.org/wiki/Avicii	Avicii
https://en.wikipedia.org/wiki/Avril_Lavigne	Avril Lavigne
https://en.wikipedia.org/wiki/Awolnation	Awolnation
https://en.wikipedia.org/wiki/Az_Yet	Az Yet
https://en.wikipedia.org/wiki/B-Rock_and_the_Bizz	B-Rock and the Bizz
https://en.wikipedia.org/wiki/B.o.B	B.o.B
https://en.wikipedia.org/wiki/B2K	B2K
https://en.wikipedia.org/wiki/BBMak	BBMak
https://en.wikipedia.org/wiki/BJ_the_Chicago_Kid	BJ the Chicago Kid
https://en.wikipedia.org/wiki/Baauer	Baauer
https://en.wikipedia.org/wiki/Baby_Bash	Baby Bash
https://en.wikipedia.org/wiki/Baby_Boy_da_Prince	Baby Boy da Prince
https://en.wikipedia.org/wiki/Babyface_(musician)	Babyface (musician)
https://en.wikipedia.org/wiki/Backstreet_Boys	Backstreet Boys
https://en.wikipedia.org/wiki/Bad_Meets_Evil	Bad Meets Evil
https://en.wikipedia.org/wiki/Barbra_Streisand	Barbra Streisand
https://en.wikipedia.org/wiki/Barenaked_Ladies	Barenaked Ladies
https://en.wikipedia.org/wiki/Bastille_(band)	Bastille (band)
https://en.wikipedia.org/wiki/Beck	Beck
https://en.wikipedia.org/wiki/Becky_G	Becky G
https://en.wikipedia.org/wiki/Beenie_Man	Beenie Man
https://en.wikipedia.org/wiki/Better_Than_Ezra	Better Than Ezra
https://en.wikipedia.org/wiki/Beyonc%C3%A9	Beyoncé
https://en.wikipedia.org/wiki/Beyonc%C3%A9_Knowles	Beyoncé Knowles
https://en.wikipedia.org/wiki/Big_Boi	Big Boi
https://en.wikipedia.org/wiki/Big_Mountain_(band)	Big Mountain (band)
https://en.wikipedia.org/wiki/Big_Pun	Big Pun
https://en.wikipedia.org/wiki/Big_Sean	Big Sean
https://en.wikipedia.org/wiki/Big_Tymers	Big Tymers
https://en.wikipedia.org/wiki/Billie_Myers	Billie Myers
https://en.wikipedia.org/wiki/Billy_Currington	Billy Currington
https://en.wikipedia.org/wiki/Billy_Joel	Billy Joel
https://en.wikipedia.org/wiki/Billy_Ray_Cyrus	Billy Ray Cyrus
https://en.wikipedia.org/wiki/Birdman_(rapper)	Birdman (rapper)
https://en.wikipedia.org/wiki/Black_Eyed_Peas	Black Eyed Peas
https://en.wikipedia.org/wiki/Blackstreet	Blackstreet
https://en.wikipedia.org/wiki/Blake_Shelton	Blake Shelton
https://en.wikipedia.org/wiki/Blaque	Blaque
https://en.wikipedia.org/wiki/Blessid_Union_of_Souls	Blessid Union of Souls
https://en.wikipedia.org/wiki/Blink_182	Blink 182
https://en.wikipedia.org/wiki/Blinky_Blink	Blinky Blink
https://en.wikipedia.org/wiki/Blu_Cantrell	Blu Cantrell
https://en.wikipedia.org/wiki/Blue_October	Blue October
https://en.wikipedia.org/wiki/Blues_Traveler	Blues Traveler
https://en.wikipedia.org/wiki/BoDeans	BoDeans
https://en.wikipedia.org/wiki/Bobby_Brown	Bobby Brown
https://en.wikipedia.org/wiki/Bobby_Shmurda	Bobby Shmurda
https://en.wikipedia.org/wiki/Bobby_V	Bobby V
https://en.wikipedia.org/wiki/Bon_Jovi	Bon Jovi
https://en.wikipedia.org/wiki/Bone_Thugs-n-Harmony	Bone Thugs-n-Harmony
https://en.wikipedia.org/wiki/Bonnie_Raitt	Bonnie Raitt
https://en.wikipedia.org/wiki/Bounty_Killer	Bounty Killer
https://en.wikipedia.org/wiki/Bow_Wow_(rapper)	Bow Wow (rapper)
https://en.wikipedia.org/wiki/Boy_Krazy	Boy Krazy
https://en.wikipedia.org/wiki/Boys_Like_Girls	Boys Like Girls
https://en.wikipedia.org/wiki/Boyz_II_Men	Boyz II Men
https://en.wikipedia.org/wiki/Brad_Paisley	Brad Paisley
https://en.wikipedia.org/wiki/Brandy_(entertainer)	Brandy (entertainer)
https://en.wikipedia.org/wiki/Brandy_Norwood	Brandy Norwood
https://en.wikipedia.org/wiki/Brantley_Gilbert	Brantley Gilbert
https://en.wikipedia.org/wiki/Bravehearts	Bravehearts
https://en.wikipedia.org/wiki/Brian_McKnight	Brian McKnight
https://en.wikipedia.org/wiki/Britney_Spears	Britney Spears
https://en.wikipedia.org/wiki/Brooke_Valentine	Brooke Valentine
https://en.wikipedia.org/wiki/Brooks_%26_Dunn	Brooks &amp; Dunn
https://en.wikipedia.org/wiki/Brownstone_(group)	Brownstone (group)
https://en.wikipedia.org/wiki/Bruce_Springsteen	Bruce Springsteen
https://en.wikipedia.org/wiki/Bruno_Mars	Bruno Mars
https://en.wikipedia.org/wiki/Bryan_Adams	Bryan Adams
https://en.wikipedia.org/wiki/Bubba_Sparxxx	Bubba Sparxxx
https://en.wikipedia.org/wiki/Buckcherry	Buckcherry
https://en.wikipedia.org/wiki/Bun_B	Bun B
https://en.wikipedia.org/wiki/Busta_Rhymes	Busta Rhymes
https://en.wikipedia.org/wiki/C%C3%A9dric_Gervais	Cédric Gervais
https://en.wikipedia.org/wiki/C%C3%A9line_Dion	Céline Dion
https://en.wikipedia.org/wiki/Cali_Swag_District	Cali Swag District
https://en.wikipedia.org/wiki/Calvin_Harris	Calvin Harris
https://en.wikipedia.org/wiki/Cam%27ron	Cam&#39;ron
https://en.wikipedia.org/wiki/Cameo_(band)	Cameo (band)
https://en.wikipedia.org/wiki/Capital_Cities_(band)	Capital Cities (band)
https://en.wikipedia.org/wiki/Captain_Hollywood_Project	Captain Hollywood Project
https://en.wikipedia.org/wiki/Carl_Thomas_(singer)	Carl Thomas (singer)
https://en.wikipedia.org/wiki/Carly_Rae_Jepsen	Carly Rae Jepsen
https://en.wikipedia.org/wiki/Carrie_Underwood	Carrie Underwood
https://en.wikipedia.org/wiki/Cascada	Cascada
https://en.wikipedia.org/wiki/Case_(singer)	Case (singer)
https://en.wikipedia.org/wiki/Cash_Out	Cash Out
https://en.wikipedia.org/wiki/Cassidy_(rapper)	Cassidy (rapper)
https://en.wikipedia.org/wiki/Cassie_Ventura	Cassie Ventura
https://en.wikipedia.org/wiki/CeCe_Peniston	CeCe Peniston
https://en.wikipedia.org/wiki/CeCe_Winans	CeCe Winans
https://en.wikipedia.org/wiki/CeeLo_Green	CeeLo Green
https://en.wikipedia.org/wiki/Cee_Lo_Green	Cee Lo Green
https://en.wikipedia.org/wiki/Celine_Dion	Celine Dion
https://en.wikipedia.org/wiki/Chad_Brock	Chad Brock
https://en.wikipedia.org/wiki/Chad_Kroeger	Chad Kroeger
https://en.wikipedia.org/wiki/Chamillionaire	Chamillionaire
https://en.wikipedia.org/wiki/Changing_Faces_(group)	Changing Faces (group)
https://en.wikipedia.org/wiki/Chant%C3%A9_Moore	Chanté Moore
https://en.wikipedia.org/wiki/Charles_%26_Eddie	Charles &amp; Eddie
https://en.wikipedia.org/wiki/Charli_Baltimore	Charli Baltimore
https://en.wikipedia.org/wiki/Charli_XCX	Charli XCX
https://en.wikipedia.org/wiki/Charlie_Wilson_(singer)	Charlie Wilson (singer)
https://en.wikipedia.org/wiki/Cheb_Mami	Cheb Mami
https://en.wikipedia.org/wiki/Cher	Cher
https://en.wikipedia.org/wiki/Cher_Lloyd	Cher Lloyd
https://en.wikipedia.org/wiki/Cherine_Anderson	Cherine Anderson
https://en.wikipedia.org/wiki/Cherish_(band)	Cherish (band)
https://en.wikipedia.org/wiki/Chingy	Chingy
https://en.wikipedia.org/wiki/Chris_Brown	Chris Brown
https://en.wikipedia.org/wiki/Chris_Brown_(American_singer)	Chris Brown (American singer)
https://en.wikipedia.org/wiki/Christina_Aguilera	Christina Aguilera
https://en.wikipedia.org/wiki/Christina_Milian	Christina Milian
https://en.wikipedia.org/wiki/Christina_Perri	Christina Perri
https://en.wikipedia.org/wiki/Chumbawamba	Chumbawamba
https://en.wikipedia.org/wiki/Ciara	Ciara
https://en.wikipedia.org/wiki/Citizen_King	Citizen King
https://en.wikipedia.org/wiki/City_High	City High
https://en.wikipedia.org/wiki/City_Spud	City Spud
https://en.wikipedia.org/wiki/Clay_Aiken	Clay Aiken
https://en.wikipedia.org/wiki/Clean_Bandit	Clean Bandit
https://en.wikipedia.org/wiki/Cobra_Starship	Cobra Starship
https://en.wikipedia.org/wiki/Colbie_Caillat	Colbie Caillat
https://en.wikipedia.org/wiki/Colby_O%27Donis	Colby O&#39;Donis
https://en.wikipedia.org/wiki/Coldplay	Coldplay
https://en.wikipedia.org/wiki/Collective_Soul	Collective Soul
https://en.wikipedia.org/wiki/Color_Me_Badd	Color Me Badd
https://en.wikipedia.org/wiki/Common_(rapper)	Common (rapper)
https://en.wikipedia.org/wiki/Coolio	Coolio
https://en.wikipedia.org/wiki/Corona_(group)	Corona (group)
https://en.wikipedia.org/wiki/Cory_Gunz	Cory Gunz
https://en.wikipedia.org/wiki/Craig_David	Craig David
https://en.wikipedia.org/wiki/Craig_Mack	Craig Mack
https://en.wikipedia.org/wiki/Crash_Test_Dummies	Crash Test Dummies
https://en.wikipedia.org/wiki/Crazy_Town	Crazy Town
https://en.wikipedia.org/wiki/Creed_(band)	Creed (band)
https://en.wikipedia.org/wiki/Crime_Mob	Crime Mob
https://en.wikipedia.org/wiki/Crucial_Conflict	Crucial Conflict
https://en.wikipedia.org/wiki/Crystal_Waters	Crystal Waters
https://en.wikipedia.org/wiki/Culture_Beat	Culture Beat
https://en.wikipedia.org/wiki/Cypress_Hill	Cypress Hill
https://en.wikipedia.org/wiki/D%27Angelo	D&#39;Angelo
https://en.wikipedia.org/wiki/D12	D12
https://en.wikipedia.org/wiki/D4L	D4L
https://en.wikipedia.org/wiki/DHT_(band)	DHT (band)
https://en.wikipedia.org/wiki/DJ_Frank_E	DJ Frank E
https://en.wikipedia.org/wiki/DJ_Jazzy_Jeff_%26_The_Fresh_Prince	DJ Jazzy Jeff &amp; The Fresh Prince
https://en.wikipedia.org/wiki/DJ_Khaled	DJ Khaled
https://en.wikipedia.org/wiki/DJ_Kool	DJ Kool
https://en.wikipedia.org/wiki/DJ_Sammy	DJ Sammy
https://en.wikipedia.org/wiki/DJ_Snake	DJ Snake
https://en.wikipedia.org/wiki/DMX_(rapper)	DMX (rapper)
https://en.wikipedia.org/wiki/DRS_(group)	DRS (group)
https://en.wikipedia.org/wiki/Da_Brat	Da Brat
https://en.wikipedia.org/wiki/Daddy_Yankee	Daddy Yankee
https://en.wikipedia.org/wiki/Daft_Punk	Daft Punk
https://en.wikipedia.org/wiki/Daniel_Bedingfield	Daniel Bedingfield
https://en.wikipedia.org/wiki/Daniel_Powter	Daniel Powter
https://en.wikipedia.org/wiki/Danity_Kane	Danity Kane
https://en.wikipedia.org/wiki/Darius_Rucker	Darius Rucker
https://en.wikipedia.org/wiki/Darryl_Worley	Darryl Worley
https://en.wikipedia.org/wiki/Das_EFX	Das EFX
https://en.wikipedia.org/wiki/Daughtry_(band)	Daughtry (band)
https://en.wikipedia.org/wiki/Dave_Matthews_Band	Dave Matthews Band
https://en.wikipedia.org/wiki/David_Archuleta	David Archuleta
https://en.wikipedia.org/wiki/David_Banner	David Banner
https://en.wikipedia.org/wiki/David_Cook_(singer)	David Cook (singer)
https://en.wikipedia.org/wiki/David_Guetta	David Guetta
https://en.wikipedia.org/wiki/Debelah_Morgan	Debelah Morgan
https://en.wikipedia.org/wiki/Deborah_Cox	Deborah Cox
https://en.wikipedia.org/wiki/Deep_Blue_Something	Deep Blue Something
https://en.wikipedia.org/wiki/Def_Leppard	Def Leppard
https://en.wikipedia.org/wiki/Default_(band)	Default (band)
https://en.wikipedia.org/wiki/Del_Amitri	Del Amitri
https://en.wikipedia.org/wiki/Dem_Franchize_Boyz	Dem Franchize Boyz
https://en.wikipedia.org/wiki/Demi_Lovato	Demi Lovato
https://en.wikipedia.org/wiki/Des%27ree	Des&#39;ree
https://en.wikipedia.org/wiki/Descemer_Bueno	Descemer Bueno
https://en.wikipedia.org/wiki/Destiny%27s_Child	Destiny&#39;s Child
https://en.wikipedia.org/wiki/Dev_(singer)	Dev (singer)
https://en.wikipedia.org/wiki/Diamond_Rio	Diamond Rio
https://en.wikipedia.org/wiki/Diana_King	Diana King
https://en.wikipedia.org/wiki/Diddy_%E2%80%93_Dirty_Money	Diddy – Dirty Money
https://en.wikipedia.org/wiki/Dido_(singer)	Dido (singer)
https://en.wikipedia.org/wiki/Dierks_Bentley	Dierks Bentley
https://en.wikipedia.org/wiki/Digable_Planets	Digable Planets
https://en.wikipedia.org/wiki/Dino_(American_singer)	Dino (American singer)
https://en.wikipedia.org/wiki/Dionne_Farris	Dionne Farris
https://en.wikipedia.org/wiki/Dirty_Vegas	Dirty Vegas
https://en.wikipedia.org/wiki/Disclosure_(band)	Disclosure (band)
https://en.wikipedia.org/wiki/Dishwalla	Dishwalla
https://en.wikipedia.org/wiki/Divine_(band)	Divine (band)
https://en.wikipedia.org/wiki/Divine_(group)	Divine (group)
https://en.wikipedia.org/wiki/Dixie_Chicks	Dixie Chicks
https://en.wikipedia.org/wiki/Do_(singer)	Do (singer)
https://en.wikipedia.org/wiki/Do_or_Die_(group)	Do or Die (group)
https://en.wikipedia.org/wiki/Dobie_Gray	Dobie Gray
https://en.wikipedia.org/wiki/Domino_(rapper)	Domino (rapper)
https://en.wikipedia.org/wiki/Don_Henley	Don Henley
https://en.wikipedia.org/wiki/Donell_Jones	Donell Jones
https://en.wikipedia.org/wiki/Donna_Lewis	Donna Lewis
https://en.wikipedia.org/wiki/Dr._Dre	Dr. Dre
https://en.wikipedia.org/wiki/Drake_(musician)	Drake (musician)
https://en.wikipedia.org/wiki/Drake_(rapper)	Drake (rapper)
https://en.wikipedia.org/wiki/Dream_(American_group)	Dream (American group)
https://en.wikipedia.org/wiki/Dru_Hill	Dru Hill
https://en.wikipedia.org/wiki/Duice	Duice
https://en.wikipedia.org/wiki/Duncan_Sheik	Duncan Sheik
https://en.wikipedia.org/wiki/Duran_Duran	Duran Duran
https://en.wikipedia.org/wiki/Dwele	Dwele
https://en.wikipedia.org/wiki/E-40	E-40
https://en.wikipedia.org/wiki/Eagle-Eye_Cherry	Eagle-Eye Cherry
https://en.wikipedia.org/wiki/Eamon_(singer)	Eamon (singer)
https://en.wikipedia.org/wiki/Echosmith	Echosmith
https://en.wikipedia.org/wiki/Ed_Sheeran	Ed Sheeran
https://en.wikipedia.org/wiki/Eden%27s_Crush	Eden&#39;s Crush
https://en.wikipedia.org/wiki/Edm%C3%A9e_Daenen	Edmée Daenen
https://en.wikipedia.org/wiki/Edward_Maya	Edward Maya
https://en.wikipedia.org/wiki/Edwin_McCain	Edwin McCain
https://en.wikipedia.org/wiki/Eiffel_65	Eiffel 65
https://en.wikipedia.org/wiki/Eli_Young_Band	Eli Young Band
https://en.wikipedia.org/wiki/Ellie_Goulding	Ellie Goulding
https://en.wikipedia.org/wiki/Elliott_Yamin	Elliott Yamin
https://en.wikipedia.org/wiki/Elton_John	Elton John
https://en.wikipedia.org/wiki/Emeli_Sand%C3%A9	Emeli Sandé
https://en.wikipedia.org/wiki/Eminem	Eminem
https://en.wikipedia.org/wiki/En_Vogue	En Vogue
https://en.wikipedia.org/wiki/Enigma_(German_band)	Enigma (German band)
https://en.wikipedia.org/wiki/Enrique_Iglesias	Enrique Iglesias
https://en.wikipedia.org/wiki/Enya	Enya
https://en.wikipedia.org/wiki/Erasure	Erasure
https://en.wikipedia.org/wiki/Eric_Ben%C3%A9t	Eric Benét
https://en.wikipedia.org/wiki/Eric_Church	Eric Church
https://en.wikipedia.org/wiki/Eric_Clapton	Eric Clapton
https://en.wikipedia.org/wiki/Eric_Turner_(singer)	Eric Turner (singer)
https://en.wikipedia.org/wiki/Erick_Sermon	Erick Sermon
https://en.wikipedia.org/wiki/Erykah_Badu	Erykah Badu
https://en.wikipedia.org/wiki/Estelle_(musician)	Estelle (musician)
https://en.wikipedia.org/wiki/Eternal_(band)	Eternal (band)
https://en.wikipedia.org/wiki/Evan_and_Jaron	Evan and Jaron
https://en.wikipedia.org/wiki/Evanescence	Evanescence
https://en.wikipedia.org/wiki/Eve_(entertainer)	Eve (entertainer)
https://en.wikipedia.org/wiki/Eve_(rapper)	Eve (rapper)
https://en.wikipedia.org/wiki/Eve_6	Eve 6
https://en.wikipedia.org/wiki/Everclear_(band)	Everclear (band)
https://en.wikipedia.org/wiki/Everlast_(musician)	Everlast (musician)
https://en.wikipedia.org/wiki/Everything_but_the_Girl	Everything but the Girl
https://en.wikipedia.org/wiki/Expos%C3%A9_(group)	Exposé (group)
https://en.wikipedia.org/wiki/Fabolous	Fabolous
https://en.wikipedia.org/wiki/Faith_Evans	Faith Evans
https://en.wikipedia.org/wiki/Faith_Hill	Faith Hill
https://en.wikipedia.org/wiki/Fall_Out_Boy	Fall Out Boy
https://en.wikipedia.org/wiki/Fantasia_Barrino	Fantasia Barrino
https://en.wikipedia.org/wiki/Far_East_Movement	Far East Movement
https://en.wikipedia.org/wiki/Fastball_(band)	Fastball (band)
https://en.wikipedia.org/wiki/Fat_Joe	Fat Joe
https://en.wikipedia.org/wiki/Fatman_Scoop	Fatman Scoop
https://en.wikipedia.org/wiki/Fergie_(singer)	Fergie (singer)
https://en.wikipedia.org/wiki/Field_Mob	Field Mob
https://en.wikipedia.org/wiki/Fiend_(rapper)	Fiend (rapper)
https://en.wikipedia.org/wiki/Filter_(band)	Filter (band)
https://en.wikipedia.org/wiki/Finger_Eleven	Finger Eleven
https://en.wikipedia.org/wiki/FireHouse	FireHouse
https://en.wikipedia.org/wiki/FireHouse_(band)	FireHouse (band)
https://en.wikipedia.org/wiki/Five_(band)	Five (band)
https://en.wikipedia.org/wiki/Five_for_Fighting	Five for Fighting
https://en.wikipedia.org/wiki/Flo_Rida	Flo Rida
https://en.wikipedia.org/wiki/Floetry	Floetry
https://en.wikipedia.org/wiki/Florence_Welch	Florence Welch
https://en.wikipedia.org/wiki/Florida_Georgia_Line	Florida Georgia Line
https://en.wikipedia.org/wiki/Foo_Fighters	Foo Fighters
https://en.wikipedia.org/wiki/Fort_Minor	Fort Minor
https://en.wikipedia.org/wiki/Foster_the_People	Foster the People
https://en.wikipedia.org/wiki/Foxes_(singer)	Foxes (singer)
https://en.wikipedia.org/wiki/Foxy_Brown_(rapper)	Foxy Brown (rapper)
https://en.wikipedia.org/wiki/Frankie_J	Frankie J
https://en.wikipedia.org/wiki/Freak_Nasty	Freak Nasty
https://en.wikipedia.org/wiki/Freekey_Zekey	Freekey Zekey
https://en.wikipedia.org/wiki/French_Montana	French Montana
https://en.wikipedia.org/wiki/Fuel_(band)	Fuel (band)
https://en.wikipedia.org/wiki/Fun_(band)	Fun (band)
https://en.wikipedia.org/wiki/Future_(rapper)	Future (rapper)
https://en.wikipedia.org/wiki/G-Unit	G-Unit
https://en.wikipedia.org/wiki/Gabrielle_(singer)	Gabrielle (singer)
https://en.wikipedia.org/wiki/Game_(rapper)	Game (rapper)
https://en.wikipedia.org/wiki/Gavin_DeGraw	Gavin DeGraw
https://en.wikipedia.org/wiki/Gavin_Rossdale	Gavin Rossdale
https://en.wikipedia.org/wiki/General_Public	General Public
https://en.wikipedia.org/wiki/Genesis_(band)	Genesis (band)
https://en.wikipedia.org/wiki/Gente_de_Zona	Gente de Zona
https://en.wikipedia.org/wiki/George_Clinton_(funk_musician)	George Clinton (funk musician)
https://en.wikipedia.org/wiki/George_Michael	George Michael
https://en.wikipedia.org/wiki/George_Strait	George Strait
https://en.wikipedia.org/wiki/Gerald_Levert	Gerald Levert
https://en.wikipedia.org/wiki/Ghost_Town_DJ%27s	Ghost Town DJ&#39;s
https://en.wikipedia.org/wiki/Gillette_(singer)	Gillette (singer)
https://en.wikipedia.org/wiki/Gin_Blossoms	Gin Blossoms
https://en.wikipedia.org/wiki/Gina_G	Gina G
https://en.wikipedia.org/wiki/Ginuwine	Ginuwine
https://en.wikipedia.org/wiki/Gloria_Estefan	Gloria Estefan
https://en.wikipedia.org/wiki/Gnarls_Barkley	Gnarls Barkley
https://en.wikipedia.org/wiki/Go_West_(band)	Go West (band)
https://en.wikipedia.org/wiki/Goo_Goo_Dolls	Goo Goo Dolls
https://en.wikipedia.org/wiki/GoonRock	GoonRock
https://en.wikipedia.org/wiki/Gorillaz	Gorillaz
https://en.wikipedia.org/wiki/Gotye	Gotye
https://en.wikipedia.org/wiki/Grace_Potter_and_the_Nocturnals	Grace Potter and the Nocturnals
https://en.wikipedia.org/wiki/Green_Day	Green Day
https://en.wikipedia.org/wiki/Green_Jell%C3%BF	Green Jellÿ
https://en.wikipedia.org/wiki/Gretchen_Wilson	Gretchen Wilson
https://en.wikipedia.org/wiki/Groove_Theory	Groove Theory
https://en.wikipedia.org/wiki/Gucci_Mane	Gucci Mane
https://en.wikipedia.org/wiki/Guns_N%27_Roses	Guns N&#39; Roses
https://en.wikipedia.org/wiki/Gwen_Stefani	Gwen Stefani
https://en.wikipedia.org/wiki/Gym_Class_Heroes	Gym Class Heroes
https://en.wikipedia.org/wiki/H-Town_(band)	H-Town (band)
https://en.wikipedia.org/wiki/Haddaway	Haddaway
https://en.wikipedia.org/wiki/Hanson_(band)	Hanson (band)
https://en.wikipedia.org/wiki/Havana_Brown_(musician)	Havana Brown (musician)
https://en.wikipedia.org/wiki/Hayley_Williams	Hayley Williams
https://en.wikipedia.org/wiki/Heavy_D	Heavy D
https://en.wikipedia.org/wiki/Hellogoodbye	Hellogoodbye
https://en.wikipedia.org/wiki/Hi-Five	Hi-Five
https://en.wikipedia.org/wiki/Hinder	Hinder
https://en.wikipedia.org/wiki/Hollis_(singer)	Hollis (singer)
https://en.wikipedia.org/wiki/Hoobastank	Hoobastank
https://en.wikipedia.org/wiki/Hootie_%26_the_Blowfish	Hootie &amp; the Blowfish
https://en.wikipedia.org/wiki/Hot_Chelle_Rae	Hot Chelle Rae
https://en.wikipedia.org/wiki/House_of_Pain	House of Pain
https://en.wikipedia.org/wiki/Houston_(singer)	Houston (singer)
https://en.wikipedia.org/wiki/Howie_Day	Howie Day
https://en.wikipedia.org/wiki/Huey_(rapper)	Huey (rapper)
https://en.wikipedia.org/wiki/Hunter_Hayes	Hunter Hayes
https://en.wikipedia.org/wiki/Hurricane_Chris_(rapper)	Hurricane Chris (rapper)
https://en.wikipedia.org/wiki/I-20_(rapper)	I-20 (rapper)
https://en.wikipedia.org/wiki/IMx	IMx
https://en.wikipedia.org/wiki/INOJ	INOJ
https://en.wikipedia.org/wiki/Ice_Cube	Ice Cube
https://en.wikipedia.org/wiki/Icona_Pop	Icona Pop
https://en.wikipedia.org/wiki/Idina_Menzel	Idina Menzel
https://en.wikipedia.org/wiki/Iggy_Azalea	Iggy Azalea
https://en.wikipedia.org/wiki/Imagine_Dragons	Imagine Dragons
https://en.wikipedia.org/wiki/Incubus_(band)	Incubus (band)
https://en.wikipedia.org/wiki/Ini_Kamoze	Ini Kamoze
https://en.wikipedia.org/wiki/Inner_Circle_(reggae_band)	Inner Circle (reggae band)
https://en.wikipedia.org/wiki/Iyaz	Iyaz
https://en.wikipedia.org/wiki/J-Kwon	J-Kwon
https://en.wikipedia.org/wiki/J._Cole	J. Cole
https://en.wikipedia.org/wiki/J._Holiday	J. Holiday
https://en.wikipedia.org/wiki/JT_Money	JT Money
https://en.wikipedia.org/wiki/Ja_Rule	Ja Rule
https://en.wikipedia.org/wiki/Jadakiss	Jadakiss
https://en.wikipedia.org/wiki/Jade_(American_band)	Jade (American band)
https://en.wikipedia.org/wiki/Jade_(American_group)	Jade (American group)
https://en.wikipedia.org/wiki/Jade_(R%26B_group)	Jade (R&amp;B group)
https://en.wikipedia.org/wiki/Jagged_Edge_(American_group)	Jagged Edge (American group)
https://en.wikipedia.org/wiki/Jaheim	Jaheim
https://en.wikipedia.org/wiki/Jake_Owen	Jake Owen
https://en.wikipedia.org/wiki/James_Blunt	James Blunt
https://en.wikipedia.org/wiki/Jamie_Foxx	Jamie Foxx
https://en.wikipedia.org/wiki/Jamie_Walters	Jamie Walters
https://en.wikipedia.org/wiki/Janelle_Mon%C3%A1e	Janelle Monáe
https://en.wikipedia.org/wiki/Janet_Jackson	Janet Jackson
https://en.wikipedia.org/wiki/Jann_Arden	Jann Arden
https://en.wikipedia.org/wiki/Jason_Aldean	Jason Aldean
https://en.wikipedia.org/wiki/Jason_Derulo	Jason Derulo
https://en.wikipedia.org/wiki/Jason_Mraz	Jason Mraz
https://en.wikipedia.org/wiki/Jason_Weaver	Jason Weaver
https://en.wikipedia.org/wiki/Jay-Z	Jay-Z
https://en.wikipedia.org/wiki/Jay_Sean	Jay Sean
https://en.wikipedia.org/wiki/Jeezy	Jeezy
https://en.wikipedia.org/wiki/Jennifer_Lopez	Jennifer Lopez
https://en.wikipedia.org/wiki/Jennifer_Nettles	Jennifer Nettles
https://en.wikipedia.org/wiki/Jennifer_Paige	Jennifer Paige
https://en.wikipedia.org/wiki/Jeremih	Jeremih
https://en.wikipedia.org/wiki/Jeremy_Jordan_(singer,_born_1973)	Jeremy Jordan (singer, born 1973)
https://en.wikipedia.org/wiki/Jermaine_Dupri	Jermaine Dupri
https://en.wikipedia.org/wiki/Jerrod_Niemann	Jerrod Niemann
https://en.wikipedia.org/wiki/Jess_Glynne	Jess Glynne
https://en.wikipedia.org/wiki/Jesse_McCartney	Jesse McCartney
https://en.wikipedia.org/wiki/Jesse_Powell	Jesse Powell
https://en.wikipedia.org/wiki/Jessica_Andrews	Jessica Andrews
https://en.wikipedia.org/wiki/Jessica_Simpson	Jessica Simpson
https://en.wikipedia.org/wiki/Jessie_J	Jessie J
https://en.wikipedia.org/wiki/Jet_(band)	Jet (band)
https://en.wikipedia.org/wiki/Jewel_(singer)	Jewel (singer)
https://en.wikipedia.org/wiki/Jibbs	Jibbs
https://en.wikipedia.org/wiki/Jim_Jones_(rapper)	Jim Jones (rapper)
https://en.wikipedia.org/wiki/Jimmy_Buffett	Jimmy Buffett
https://en.wikipedia.org/wiki/Jimmy_Cliff	Jimmy Cliff
https://en.wikipedia.org/wiki/Jimmy_Eat_World	Jimmy Eat World
https://en.wikipedia.org/wiki/Jimmy_Page	Jimmy Page
https://en.wikipedia.org/wiki/Jimmy_Ray	Jimmy Ray
https://en.wikipedia.org/wiki/JoJo_(singer)	JoJo (singer)
https://en.wikipedia.org/wiki/Jo_Dee_Messina	Jo Dee Messina
https://en.wikipedia.org/wiki/Joan_Osborne	Joan Osborne
https://en.wikipedia.org/wiki/Jodeci	Jodeci
https://en.wikipedia.org/wiki/Joe_(singer)	Joe (singer)
https://en.wikipedia.org/wiki/Joe_Public_(band)	Joe Public (band)
https://en.wikipedia.org/wiki/Joey_Lawrence	Joey Lawrence
https://en.wikipedia.org/wiki/Joey_McIntyre	Joey McIntyre
https://en.wikipedia.org/wiki/John_Legend	John Legend
https://en.wikipedia.org/wiki/John_Martin_(singer)	John Martin (singer)
https://en.wikipedia.org/wiki/John_Mayer	John Mayer
https://en.wikipedia.org/wiki/John_Mellencamp	John Mellencamp
https://en.wikipedia.org/wiki/John_Michael_Montgomery	John Michael Montgomery
https://en.wikipedia.org/wiki/Johnt%C3%A1_Austin	Johntá Austin
https://en.wikipedia.org/wiki/Jon_B.	Jon B.
https://en.wikipedia.org/wiki/Jon_Secada	Jon Secada
https://en.wikipedia.org/wiki/Jonah_Matranga	Jonah Matranga
https://en.wikipedia.org/wiki/Jonas_Brothers	Jonas Brothers
https://en.wikipedia.org/wiki/Jordan_Knight	Jordan Knight
https://en.wikipedia.org/wiki/Jordin_Sparks	Jordin Sparks
https://en.wikipedia.org/wiki/Josey_Scott	Josey Scott
https://en.wikipedia.org/wiki/Joshua_Kadison	Joshua Kadison
https://en.wikipedia.org/wiki/Journey_(band)	Journey (band)
https://en.wikipedia.org/wiki/Juelz_Santana	Juelz Santana
https://en.wikipedia.org/wiki/Juicy_J	Juicy J
https://en.wikipedia.org/wiki/Junior_M.A.F.I.A.	Junior M.A.F.I.A.
https://en.wikipedia.org/wiki/Justin_Bieber	Justin Bieber
https://en.wikipedia.org/wiki/Justin_Timberlake	Justin Timberlake
https://en.wikipedia.org/wiki/Juvenile_(rapper)	Juvenile (rapper)
https://en.wikipedia.org/wiki/K-Ci_%26_JoJo	K-Ci &amp; JoJo
https://en.wikipedia.org/wiki/K-Ci_and_JoJo	K-Ci and JoJo
https://en.wikipedia.org/wiki/K._P._%26_Envyi	K. P. &amp; Envyi
https://en.wikipedia.org/wiki/KT_Tunstall	KT Tunstall
https://en.wikipedia.org/wiki/KWS_(band)	KWS (band)
https://en.wikipedia.org/wiki/Kandi_Burruss	Kandi Burruss
https://en.wikipedia.org/wiki/Kanye_West	Kanye West
https://en.wikipedia.org/wiki/Kardinal_Offishall	Kardinal Offishall
https://en.wikipedia.org/wiki/Karmin	Karmin
https://en.wikipedia.org/wiki/Karyn_White	Karyn White
https://en.wikipedia.org/wiki/Kathy_Troccoli	Kathy Troccoli
https://en.wikipedia.org/wiki/Katy_Perry	Katy Perry
https://en.wikipedia.org/wiki/Keith_Sweat	Keith Sweat
https://en.wikipedia.org/wiki/Keith_Urban	Keith Urban
https://en.wikipedia.org/wiki/Kelis	Kelis
https://en.wikipedia.org/wiki/Kelly_Clarkson	Kelly Clarkson
https://en.wikipedia.org/wiki/Kelly_Price	Kelly Price
https://en.wikipedia.org/wiki/Kelly_Rowland	Kelly Rowland
https://en.wikipedia.org/wiki/Kendrick_Lamar	Kendrick Lamar
https://en.wikipedia.org/wiki/Kenny_Chesney	Kenny Chesney
https://en.wikipedia.org/wiki/Kenny_G	Kenny G
https://en.wikipedia.org/wiki/Keri_Hilson	Keri Hilson
https://en.wikipedia.org/wiki/Kesha	Kesha
https://en.wikipedia.org/wiki/Kevin_Lyttle	Kevin Lyttle
https://en.wikipedia.org/wiki/Kevin_McCall	Kevin McCall
https://en.wikipedia.org/wiki/Kevin_Rudolf	Kevin Rudolf
https://en.wikipedia.org/wiki/Kevon_Edmonds	Kevon Edmonds
https://en.wikipedia.org/wiki/Keyshia_Cole	Keyshia Cole
https://en.wikipedia.org/wiki/Kid_Cudi	Kid Cudi
https://en.wikipedia.org/wiki/Kid_Ink	Kid Ink
https://en.wikipedia.org/wiki/Kid_Rock	Kid Rock
https://en.wikipedia.org/wiki/Kidd_Kidd	Kidd Kidd
https://en.wikipedia.org/wiki/Killer_Mike	Killer Mike
https://en.wikipedia.org/wiki/Kimbra	Kimbra
https://en.wikipedia.org/wiki/Kings_of_Leon	Kings of Leon
https://en.wikipedia.org/wiki/Kip_Moore	Kip Moore
https://en.wikipedia.org/wiki/Kirko_Bangz	Kirko Bangz
https://en.wikipedia.org/wiki/Kongos_(band)	Kongos (band)
https://en.wikipedia.org/wiki/Kool_Moe_Dee	Kool Moe Dee
https://en.wikipedia.org/wiki/Krayzie_Bone	Krayzie Bone
https://en.wikipedia.org/wiki/Kris_Allen	Kris Allen
https://en.wikipedia.org/wiki/Kris_Kross	Kris Kross
https://en.wikipedia.org/wiki/Kristinia_DeBarge	Kristinia DeBarge
https://en.wikipedia.org/wiki/Kylie_Minogue	Kylie Minogue
https://en.wikipedia.org/wiki/L.V._(singer)	L.V. (singer)
https://en.wikipedia.org/wiki/LFO_(group)	LFO (group)
https://en.wikipedia.org/wiki/LL_Cool_J	LL Cool J
https://en.wikipedia.org/wiki/LMFAO	LMFAO
https://en.wikipedia.org/wiki/LSG_(band)	LSG (band)
https://en.wikipedia.org/wiki/La_Bouche	La Bouche
https://en.wikipedia.org/wiki/La_Roux	La Roux
https://en.wikipedia.org/wiki/Lady_Antebellum	Lady Antebellum
https://en.wikipedia.org/wiki/Lady_Gaga	Lady Gaga
https://en.wikipedia.org/wiki/Lady_Saw	Lady Saw
https://en.wikipedia.org/wiki/Lana_Del_Rey	Lana Del Rey
https://en.wikipedia.org/wiki/Larry_Mullen,_Jr.	Larry Mullen, Jr.
https://en.wikipedia.org/wiki/Lauren_Bennett	Lauren Bennett
https://en.wikipedia.org/wiki/Lauryn_Hill	Lauryn Hill
https://en.wikipedia.org/wiki/LeAnn_Rimes	LeAnn Rimes
https://en.wikipedia.org/wiki/Lee_Ann_Womack	Lee Ann Womack
https://en.wikipedia.org/wiki/Lee_Brice	Lee Brice
https://en.wikipedia.org/wiki/Leighton_Meester	Leighton Meester
https://en.wikipedia.org/wiki/Len_(band)	Len (band)
https://en.wikipedia.org/wiki/Lenny_Kravitz	Lenny Kravitz
https://en.wikipedia.org/wiki/Leona_Lewis	Leona Lewis
https://en.wikipedia.org/wiki/Lifehouse_(band)	Lifehouse (band)
https://en.wikipedia.org/wiki/Lil%27_Flip	Lil&#39; Flip
https://en.wikipedia.org/wiki/Lil%27_Kim	Lil&#39; Kim
https://en.wikipedia.org/wiki/Lil%27_Mo	Lil&#39; Mo
https://en.wikipedia.org/wiki/Lil%27_Scrappy	Lil&#39; Scrappy
https://en.wikipedia.org/wiki/Lil_Boosie	Lil Boosie
https://en.wikipedia.org/wiki/Lil_Jon	Lil Jon
https://en.wikipedia.org/wiki/Lil_Phat	Lil Phat
https://en.wikipedia.org/wiki/Lil_Wayne	Lil Wayne
https://en.wikipedia.org/wiki/Lil_Zane	Lil Zane
https://en.wikipedia.org/wiki/Lily_Allen	Lily Allen
https://en.wikipedia.org/wiki/Linkin_Park	Linkin Park
https://en.wikipedia.org/wiki/Lisa_Loeb	Lisa Loeb
https://en.wikipedia.org/wiki/Lisa_Lopes	Lisa Lopes
https://en.wikipedia.org/wiki/Little_Big_Town	Little Big Town
https://en.wikipedia.org/wiki/Lloyd_(singer)	Lloyd (singer)
https://en.wikipedia.org/wiki/Lloyd_Banks	Lloyd Banks
https://en.wikipedia.org/wiki/Lonestar	Lonestar
https://en.wikipedia.org/wiki/Loon_(rapper)	Loon (rapper)
https://en.wikipedia.org/wiki/Lord_Tariq_and_Peter_Gunz	Lord Tariq and Peter Gunz
https://en.wikipedia.org/wiki/Lorde	Lorde
https://en.wikipedia.org/wiki/Loreena_McKennitt	Loreena McKennitt
https://en.wikipedia.org/wiki/Los_Lonely_Boys	Los Lonely Boys
https://en.wikipedia.org/wiki/Los_del_R%C3%ADo	Los del Río
https://en.wikipedia.org/wiki/Lou_Bega	Lou Bega
https://en.wikipedia.org/wiki/Ludacris	Ludacris
https://en.wikipedia.org/wiki/Luke_Bryan	Luke Bryan
https://en.wikipedia.org/wiki/Lumidee	Lumidee
https://en.wikipedia.org/wiki/Luniz	Luniz
https://en.wikipedia.org/wiki/Lupe_Fiasco	Lupe Fiasco
https://en.wikipedia.org/wiki/Luscious_Jackson	Luscious Jackson
https://en.wikipedia.org/wiki/Luther_Campbell	Luther Campbell
https://en.wikipedia.org/wiki/Luther_Vandross	Luther Vandross
https://en.wikipedia.org/wiki/M%C3%BDa	Mýa
https://en.wikipedia.org/wiki/M.I.A._(rapper)	M.I.A. (rapper)
https://en.wikipedia.org/wiki/MC_Hammer	MC Hammer
https://en.wikipedia.org/wiki/MC_Lyte	MC Lyte
https://en.wikipedia.org/wiki/MKTO	MKTO
https://en.wikipedia.org/wiki/Mac_Miller	Mac Miller
https://en.wikipedia.org/wiki/Macklemore_%26_Ryan_Lewis	Macklemore &amp; Ryan Lewis
https://en.wikipedia.org/wiki/Macy_Gray	Macy Gray
https://en.wikipedia.org/wiki/Madonna	Madonna
https://en.wikipedia.org/wiki/Magic!	Magic!
https://en.wikipedia.org/wiki/Majid_Jordan	Majid Jordan
https://en.wikipedia.org/wiki/Mannie_Fresh	Mannie Fresh
https://en.wikipedia.org/wiki/Marc_Anthony	Marc Anthony
https://en.wikipedia.org/wiki/Marcy_Playground	Marcy Playground
https://en.wikipedia.org/wiki/Mariah_Carey	Mariah Carey
https://en.wikipedia.org/wiki/Mario_(entertainer)	Mario (entertainer)
https://en.wikipedia.org/wiki/Mario_Winans	Mario Winans
https://en.wikipedia.org/wiki/Mark_Chesnutt	Mark Chesnutt
https://en.wikipedia.org/wiki/Mark_Morrison	Mark Morrison
https://en.wikipedia.org/wiki/Mark_Wills	Mark Wills
https://en.wikipedia.org/wiki/Marky_Mark_and_the_Funky_Bunch	Marky Mark and the Funky Bunch
https://en.wikipedia.org/wiki/Maroon_5	Maroon 5
https://en.wikipedia.org/wiki/Martin_Garrix	Martin Garrix
https://en.wikipedia.org/wiki/Martin_Page	Martin Page
https://en.wikipedia.org/wiki/Marvin_Gaye	Marvin Gaye
https://en.wikipedia.org/wiki/Mary_J._Blige	Mary J. Blige
https://en.wikipedia.org/wiki/Mary_Lambert_(singer-songwriter)	Mary Lambert (singer-songwriter)
https://en.wikipedia.org/wiki/Mary_Mary	Mary Mary
https://en.wikipedia.org/wiki/Mase	Mase
https://en.wikipedia.org/wiki/Master_P	Master P
https://en.wikipedia.org/wiki/Matchbox_Twenty	Matchbox Twenty
https://en.wikipedia.org/wiki/Matthew_Santos	Matthew Santos
https://en.wikipedia.org/wiki/Maxi_Priest	Maxi Priest
https://en.wikipedia.org/wiki/Maxwell_(musician)	Maxwell (musician)
https://en.wikipedia.org/wiki/Meat_Loaf	Meat Loaf
https://en.wikipedia.org/wiki/Meghan_Trainor	Meghan Trainor
https://en.wikipedia.org/wiki/Melissa_Etheridge	Melissa Etheridge
https://en.wikipedia.org/wiki/Meredith_Brooks	Meredith Brooks
https://en.wikipedia.org/wiki/Merril_Bainbridge	Merril Bainbridge
https://en.wikipedia.org/wiki/Meshell_Ndegeocello	Meshell Ndegeocello
https://en.wikipedia.org/wiki/Metallica	Metallica
https://en.wikipedia.org/wiki/Method_Man	Method Man
https://en.wikipedia.org/wiki/Metro_Station_(band)	Metro Station (band)
https://en.wikipedia.org/wiki/Mia_X	Mia X
https://en.wikipedia.org/wiki/Michael_Bolton	Michael Bolton
https://en.wikipedia.org/wiki/Michael_Bubl%C3%A9	Michael Bublé
https://en.wikipedia.org/wiki/Michael_Franti	Michael Franti
https://en.wikipedia.org/wiki/Michael_Jackson	Michael Jackson
https://en.wikipedia.org/wiki/Michelle_Branch	Michelle Branch
https://en.wikipedia.org/wiki/Miguel_(singer)	Miguel (singer)
https://en.wikipedia.org/wiki/Mike_Jones_(rapper)	Mike Jones (rapper)
https://en.wikipedia.org/wiki/Mike_Posner	Mike Posner
https://en.wikipedia.org/wiki/Mike_Will_Made_It	Mike Will Made It
https://en.wikipedia.org/wiki/Mikky_Ekko	Mikky Ekko
https://en.wikipedia.org/wiki/Miley_Cyrus	Miley Cyrus
https://en.wikipedia.org/wiki/Mims_(rapper)	Mims (rapper)
https://en.wikipedia.org/wiki/Mint_Condition	Mint Condition
https://en.wikipedia.org/wiki/Miranda_Lambert	Miranda Lambert
https://en.wikipedia.org/wiki/Missy_Elliott	Missy Elliott
https://en.wikipedia.org/wiki/MoKenStef	MoKenStef
https://en.wikipedia.org/wiki/Mo_Thugs	Mo Thugs
https://en.wikipedia.org/wiki/Mobb_Deep	Mobb Deep
https://en.wikipedia.org/wiki/Moby	Moby
https://en.wikipedia.org/wiki/Monica_(entertainer)	Monica (entertainer)
https://en.wikipedia.org/wiki/Monica_(singer)	Monica (singer)
https://en.wikipedia.org/wiki/Monifah	Monifah
https://en.wikipedia.org/wiki/Montell_Jordan	Montell Jordan
https://en.wikipedia.org/wiki/Mr._Big_(band)	Mr. Big (band)
https://en.wikipedia.org/wiki/Mr._Cheeks	Mr. Cheeks
https://en.wikipedia.org/wiki/Mr._President_(band)	Mr. President (band)
https://en.wikipedia.org/wiki/Mr_Hudson	Mr Hudson
https://en.wikipedia.org/wiki/Ms._Thing_(singer)	Ms. Thing (singer)
https://en.wikipedia.org/wiki/Mumford_%26_Sons	Mumford &amp; Sons
https://en.wikipedia.org/wiki/Murphy_Lee	Murphy Lee
https://en.wikipedia.org/wiki/Musiq_Soulchild	Musiq Soulchild
https://en.wikipedia.org/wiki/My_Chemical_Romance	My Chemical Romance
https://en.wikipedia.org/wiki/Mystikal	Mystikal
https://en.wikipedia.org/wiki/N.O.R.E.	N.O.R.E.
https://en.wikipedia.org/wiki/N2Deep	N2Deep
https://en.wikipedia.org/wiki/N_II_U	N II U
https://en.wikipedia.org/wiki/Nas	Nas
https://en.wikipedia.org/wiki/Natalie_(singer)	Natalie (singer)
https://en.wikipedia.org/wiki/Natalie_Merchant	Natalie Merchant
https://en.wikipedia.org/wiki/Natasha_Bedingfield	Natasha Bedingfield
https://en.wikipedia.org/wiki/Nate_Dogg	Nate Dogg
https://en.wikipedia.org/wiki/Nate_Ruess	Nate Ruess
https://en.wikipedia.org/wiki/Naughty_Boy	Naughty Boy
https://en.wikipedia.org/wiki/Naughty_by_Nature	Naughty by Nature
https://en.wikipedia.org/wiki/Nayer	Nayer
https://en.wikipedia.org/wiki/Ne-Yo	Ne-Yo
https://en.wikipedia.org/wiki/Nelly	Nelly
https://en.wikipedia.org/wiki/Nelly_Furtado	Nelly Furtado
https://en.wikipedia.org/wiki/Neon_Hitch	Neon Hitch
https://en.wikipedia.org/wiki/Neon_Trees	Neon Trees
https://en.wikipedia.org/wiki/New_Boyz	New Boyz
https://en.wikipedia.org/wiki/New_Edition	New Edition
https://en.wikipedia.org/wiki/Next_(American_band)	Next (American band)
https://en.wikipedia.org/wiki/Next_(group)	Next (group)
https://en.wikipedia.org/wiki/Nick_Cannon	Nick Cannon
https://en.wikipedia.org/wiki/Nick_Lachey	Nick Lachey
https://en.wikipedia.org/wiki/Nickelback	Nickelback
https://en.wikipedia.org/wiki/Nicki_French	Nicki French
https://en.wikipedia.org/wiki/Nicki_Minaj	Nicki Minaj
https://en.wikipedia.org/wiki/Nico_%26_Vinz	Nico &amp; Vinz
https://en.wikipedia.org/wiki/Nicole_Wray	Nicole Wray
https://en.wikipedia.org/wiki/Niia	Niia
https://en.wikipedia.org/wiki/Nina_Sky	Nina Sky
https://en.wikipedia.org/wiki/Nine_Days	Nine Days
https://en.wikipedia.org/wiki/Nirvana_(band)	Nirvana (band)
https://en.wikipedia.org/wiki/Nitti_(producer)	Nitti (producer)
https://en.wikipedia.org/wiki/Nivea_(singer)	Nivea (singer)
https://en.wikipedia.org/wiki/No_Doubt	No Doubt
https://en.wikipedia.org/wiki/No_Good_But_So_Good	No Good But So Good
https://en.wikipedia.org/wiki/No_Mercy_(pop_band)	No Mercy (pop band)
https://en.wikipedia.org/wiki/Norah_Jones	Norah Jones
https://en.wikipedia.org/wiki/Nu_Flavor	Nu Flavor
https://en.wikipedia.org/wiki/O-Town	O-Town
https://en.wikipedia.org/wiki/Oasis_(band)	Oasis (band)
https://en.wikipedia.org/wiki/Of_Monsters_and_Men	Of Monsters and Men
https://en.wikipedia.org/wiki/Ol%27_Dirty_Bastard	Ol&#39; Dirty Bastard
https://en.wikipedia.org/wiki/Olivia_(singer)	Olivia (singer)
https://en.wikipedia.org/wiki/Olly_Murs	Olly Murs
https://en.wikipedia.org/wiki/Omarion	Omarion
https://en.wikipedia.org/wiki/OneRepublic	OneRepublic
https://en.wikipedia.org/wiki/One_Direction	One Direction
https://en.wikipedia.org/wiki/Onyx_(hip_hop_group)	Onyx (hip hop group)
https://en.wikipedia.org/wiki/Orianthi	Orianthi
https://en.wikipedia.org/wiki/OutKast	OutKast
https://en.wikipedia.org/wiki/Outkast	Outkast
https://en.wikipedia.org/wiki/Owl_City	Owl City
https://en.wikipedia.org/wiki/P.M._Dawn	P.M. Dawn
https://en.wikipedia.org/wiki/Panic!_at_the_Disco	Panic! at the Disco
https://en.wikipedia.org/wiki/Papa_Roach	Papa Roach
https://en.wikipedia.org/wiki/Paperboy_(rapper)	Paperboy (rapper)
https://en.wikipedia.org/wiki/Paramore	Paramore
https://en.wikipedia.org/wiki/Passenger_(singer)	Passenger (singer)
https://en.wikipedia.org/wiki/Patrick_Stump	Patrick Stump
https://en.wikipedia.org/wiki/Patty_Smyth	Patty Smyth
https://en.wikipedia.org/wiki/Paul_McCoy	Paul McCoy
https://en.wikipedia.org/wiki/Paul_Wall	Paul Wall
https://en.wikipedia.org/wiki/Paula_Abdul	Paula Abdul
https://en.wikipedia.org/wiki/Paula_Cole	Paula Cole
https://en.wikipedia.org/wiki/Paula_DeAnda	Paula DeAnda
https://en.wikipedia.org/wiki/Peabo_Bryson	Peabo Bryson
https://en.wikipedia.org/wiki/Pearl_Jam	Pearl Jam
https://en.wikipedia.org/wiki/Peter_Cetera	Peter Cetera
https://en.wikipedia.org/wiki/Petey_Pablo	Petey Pablo
https://en.wikipedia.org/wiki/Pharrell_Williams	Pharrell Williams
https://en.wikipedia.org/wiki/Phil_Collins	Phil Collins
https://en.wikipedia.org/wiki/Phillip_Phillips	Phillip Phillips
https://en.wikipedia.org/wiki/Pink_(singer)	Pink (singer)
https://en.wikipedia.org/wiki/Pistol_Annies	Pistol Annies
https://en.wikipedia.org/wiki/Pitbull_(rapper)	Pitbull (rapper)
https://en.wikipedia.org/wiki/Plain_White_T%27s	Plain White T&#39;s
https://en.wikipedia.org/wiki/Planet_Soul	Planet Soul
https://en.wikipedia.org/wiki/Plies_(rapper)	Plies (rapper)
https://en.wikipedia.org/wiki/Polow_da_Don	Polow da Don
https://en.wikipedia.org/wiki/Portrait_(band)	Portrait (band)
https://en.wikipedia.org/wiki/Positive_K	Positive K
https://en.wikipedia.org/wiki/Pras	Pras
https://en.wikipedia.org/wiki/Pretty_Ricky	Pretty Ricky
https://en.wikipedia.org/wiki/Prince_(entertainer)	Prince (entertainer)
https://en.wikipedia.org/wiki/Prince_(musician)	Prince (musician)
https://en.wikipedia.org/wiki/Psy	Psy
https://en.wikipedia.org/wiki/Public_Announcement	Public Announcement
https://en.wikipedia.org/wiki/Puddle_of_Mudd	Puddle of Mudd
https://en.wikipedia.org/wiki/Pusha_T	Pusha T
https://en.wikipedia.org/wiki/Pussycat_Dolls	Pussycat Dolls
https://en.wikipedia.org/wiki/Q-Tip_(musician)	Q-Tip (musician)
https://en.wikipedia.org/wiki/QB_Finest	QB Finest
https://en.wikipedia.org/wiki/Quad_City_DJ%27s	Quad City DJ&#39;s
https://en.wikipedia.org/wiki/Queen_(band)	Queen (band)
https://en.wikipedia.org/wiki/Queen_Latifah	Queen Latifah
https://en.wikipedia.org/wiki/R._Kelly	R. Kelly
https://en.wikipedia.org/wiki/Rakim	Rakim
https://en.wikipedia.org/wiki/Randy_Houser	Randy Houser
https://en.wikipedia.org/wiki/Raphael_Saadiq	Raphael Saadiq
https://en.wikipedia.org/wiki/Rascal_Flatts	Rascal Flatts
https://en.wikipedia.org/wiki/Ray_Dalton	Ray Dalton
https://en.wikipedia.org/wiki/Ray_J	Ray J
https://en.wikipedia.org/wiki/Rayvon	Rayvon
https://en.wikipedia.org/wiki/Real_McCoy_(band)	Real McCoy (band)
https://en.wikipedia.org/wiki/Red_Hot_Chili_Peppers	Red Hot Chili Peppers
https://en.wikipedia.org/wiki/Redman_(rapper)	Redman (rapper)
https://en.wikipedia.org/wiki/Rednex	Rednex
https://en.wikipedia.org/wiki/Regina_Belle	Regina Belle
https://en.wikipedia.org/wiki/Remy_Ma	Remy Ma
https://en.wikipedia.org/wiki/Restless_Heart	Restless Heart
https://en.wikipedia.org/wiki/Rich_Boy	Rich Boy
https://en.wikipedia.org/wiki/Rich_Gang	Rich Gang
https://en.wikipedia.org/wiki/Rich_Homie_Quan	Rich Homie Quan
https://en.wikipedia.org/wiki/Richard_Marx	Richard Marx
https://en.wikipedia.org/wiki/Rick_Ross	Rick Ross
https://en.wikipedia.org/wiki/Ricky_Martin	Ricky Martin
https://en.wikipedia.org/wiki/Right_Said_Fred	Right Said Fred
https://en.wikipedia.org/wiki/Rihanna	Rihanna
https://en.wikipedia.org/wiki/Rikrok	Rikrok
https://en.wikipedia.org/wiki/Rita_Ora	Rita Ora
https://en.wikipedia.org/wiki/Rivers_Cuomo	Rivers Cuomo
https://en.wikipedia.org/wiki/Rixton_(band)	Rixton (band)
https://en.wikipedia.org/wiki/Rob_Thomas_(musician)	Rob Thomas (musician)
https://en.wikipedia.org/wiki/Robert_Miles	Robert Miles
https://en.wikipedia.org/wiki/Robin_S.	Robin S.
https://en.wikipedia.org/wiki/Robin_Thicke	Robin Thicke
https://en.wikipedia.org/wiki/Robyn	Robyn
https://en.wikipedia.org/wiki/Rocko_(rapper)	Rocko (rapper)
https://en.wikipedia.org/wiki/Rod_Stewart	Rod Stewart
https://en.wikipedia.org/wiki/Rodney_Atkins	Rodney Atkins
https://en.wikipedia.org/wiki/Roger_Troutman	Roger Troutman
https://en.wikipedia.org/wiki/Rome_(musician)	Rome (musician)
https://en.wikipedia.org/wiki/Romeo_Miller	Romeo Miller
https://en.wikipedia.org/wiki/Ron_Browz	Ron Browz
https://en.wikipedia.org/wiki/Ronald_Isley	Ronald Isley
https://en.wikipedia.org/wiki/Roscoe_Dash	Roscoe Dash
https://en.wikipedia.org/wiki/Ruben_Studdard	Ruben Studdard
https://en.wikipedia.org/wiki/Ruff_Endz	Ruff Endz
https://en.wikipedia.org/wiki/Ryan_Cabrera	Ryan Cabrera
https://en.wikipedia.org/wiki/Ryan_Tedder	Ryan Tedder
https://en.wikipedia.org/wiki/SWV	SWV
https://en.wikipedia.org/wiki/S_Club_7	S Club 7
https://en.wikipedia.org/wiki/Sabi_(singer)	Sabi (singer)
https://en.wikipedia.org/wiki/Sacario	Sacario
https://en.wikipedia.org/wiki/Salt-n-Pepa	Salt-n-Pepa
https://en.wikipedia.org/wiki/Sam_Hunt	Sam Hunt
https://en.wikipedia.org/wiki/Sam_Smith_(singer)	Sam Smith (singer)
https://en.wikipedia.org/wiki/Samantha_Mumba	Samantha Mumba
https://en.wikipedia.org/wiki/Sammie	Sammie
https://en.wikipedia.org/wiki/Santana_(band)	Santana (band)
https://en.wikipedia.org/wiki/Sara_Bareilles	Sara Bareilles
https://en.wikipedia.org/wiki/Sarah_McLachlan	Sarah McLachlan
https://en.wikipedia.org/wiki/Sasha_(deejay)	Sasha (deejay)
https://en.wikipedia.org/wiki/Savage_Garden	Savage Garden
https://en.wikipedia.org/wiki/Saving_Abel	Saving Abel
https://en.wikipedia.org/wiki/ScHoolboy_Q	ScHoolboy Q
https://en.wikipedia.org/wiki/Scarface_(rapper)	Scarface (rapper)
https://en.wikipedia.org/wiki/Seal_(musician)	Seal (musician)
https://en.wikipedia.org/wiki/Sean_Combs	Sean Combs
https://en.wikipedia.org/wiki/Sean_Garrett	Sean Garrett
https://en.wikipedia.org/wiki/Sean_Kingston	Sean Kingston
https://en.wikipedia.org/wiki/Sean_Paul	Sean Paul
https://en.wikipedia.org/wiki/Secondhand_Serenade	Secondhand Serenade
https://en.wikipedia.org/wiki/Selena_Gomez	Selena Gomez
https://en.wikipedia.org/wiki/Selena_Gomez_%26_the_Scene	Selena Gomez &amp; the Scene
https://en.wikipedia.org/wiki/Shaggy_(musician)	Shaggy (musician)
https://en.wikipedia.org/wiki/Shai_(band)	Shai (band)
https://en.wikipedia.org/wiki/Shakespears_Sister	Shakespears Sister
https://en.wikipedia.org/wiki/Shakira	Shakira
https://en.wikipedia.org/wiki/Shania_Twain	Shania Twain
https://en.wikipedia.org/wiki/Shanice	Shanice
https://en.wikipedia.org/wiki/Shawn_Colvin	Shawn Colvin
https://en.wikipedia.org/wiki/Shawn_Mullins	Shawn Mullins
https://en.wikipedia.org/wiki/Shawnna	Shawnna
https://en.wikipedia.org/wiki/Sheryl_Crow	Sheryl Crow
https://en.wikipedia.org/wiki/Shinedown	Shinedown
https://en.wikipedia.org/wiki/Shontelle	Shontelle
https://en.wikipedia.org/wiki/Shop_Boyz	Shop Boyz
https://en.wikipedia.org/wiki/Sia_Furler	Sia Furler
https://en.wikipedia.org/wiki/Silk_(group)	Silk (group)
https://en.wikipedia.org/wiki/Silkk_the_Shocker	Silkk the Shocker
https://en.wikipedia.org/wiki/Sir_Mix-a-Lot	Sir Mix-a-Lot
https://en.wikipedia.org/wiki/Sisq%C3%B3	Sisqó
https://en.wikipedia.org/wiki/Sisqo	Sisqo
https://en.wikipedia.org/wiki/Sister_Hazel	Sister Hazel
https://en.wikipedia.org/wiki/Sixpence_None_the_Richer	Sixpence None the Richer
https://en.wikipedia.org/wiki/Skee-Lo	Skee-Lo
https://en.wikipedia.org/wiki/Skylar_Grey	Skylar Grey
https://en.wikipedia.org/wiki/Sleepy_Brown	Sleepy Brown
https://en.wikipedia.org/wiki/Slim_Thug	Slim Thug
https://en.wikipedia.org/wiki/Smash_Mouth	Smash Mouth
https://en.wikipedia.org/wiki/Snap!	Snap!
https://en.wikipedia.org/wiki/Snoop_Dogg	Snoop Dogg
https://en.wikipedia.org/wiki/Snow_(musician)	Snow (musician)
https://en.wikipedia.org/wiki/Snow_Patrol	Snow Patrol
https://en.wikipedia.org/wiki/Sol%C3%A9	Solé
https://en.wikipedia.org/wiki/Somethin%27_for_the_People	Somethin&#39; for the People
https://en.wikipedia.org/wiki/Son_by_Four	Son by Four
https://en.wikipedia.org/wiki/Sonique_(musician)	Sonique (musician)
https://en.wikipedia.org/wiki/Sons_of_Funk	Sons of Funk
https://en.wikipedia.org/wiki/Sons_of_the_Desert	Sons of the Desert
https://en.wikipedia.org/wiki/Sophie_B._Hawkins	Sophie B. Hawkins
https://en.wikipedia.org/wiki/SoulDecision	SoulDecision
https://en.wikipedia.org/wiki/Soul_Asylum	Soul Asylum
https://en.wikipedia.org/wiki/Soul_for_Real	Soul for Real
https://en.wikipedia.org/wiki/Soulja_Boy	Soulja Boy
https://en.wikipedia.org/wiki/Soulja_Slim	Soulja Slim
https://en.wikipedia.org/wiki/Spice_Girls	Spice Girls
https://en.wikipedia.org/wiki/Spin_Doctors	Spin Doctors
https://en.wikipedia.org/wiki/Spragga_Benz	Spragga Benz
https://en.wikipedia.org/wiki/St._Lunatics	St. Lunatics
https://en.wikipedia.org/wiki/Staind	Staind
https://en.wikipedia.org/wiki/Static_Major	Static Major
https://en.wikipedia.org/wiki/Steve_Holy	Steve Holy
https://en.wikipedia.org/wiki/Stevie_B	Stevie B
https://en.wikipedia.org/wiki/Sting_(musician)	Sting (musician)
https://en.wikipedia.org/wiki/Styles_P	Styles P
https://en.wikipedia.org/wiki/Subway_(group)	Subway (group)
https://en.wikipedia.org/wiki/Sugar_Ray	Sugar Ray
https://en.wikipedia.org/wiki/Sugarland	Sugarland
https://en.wikipedia.org/wiki/Sunshine_Anderson	Sunshine Anderson
https://en.wikipedia.org/wiki/Super_Cat	Super Cat
https://en.wikipedia.org/wiki/Swedish_House_Mafia	Swedish House Mafia
https://en.wikipedia.org/wiki/Switchfoot	Switchfoot
https://en.wikipedia.org/wiki/Syleena_Johnson	Syleena Johnson
https://en.wikipedia.org/wiki/Sylk-E._Fyne	Sylk-E. Fyne
https://en.wikipedia.org/wiki/T-Pain	T-Pain
https://en.wikipedia.org/wiki/T.I.	T.I.
https://en.wikipedia.org/wiki/TLC_(band)	TLC (band)
https://en.wikipedia.org/wiki/TLC_(group)	TLC (group)
https://en.wikipedia.org/wiki/TQ_(singer)	TQ (singer)
https://en.wikipedia.org/wiki/Tag_Team_(group)	Tag Team (group)
https://en.wikipedia.org/wiki/Taio_Cruz	Taio Cruz
https://en.wikipedia.org/wiki/Take_That	Take That
https://en.wikipedia.org/wiki/Tal_Bachman	Tal Bachman
https://en.wikipedia.org/wiki/Tamia	Tamia
https://en.wikipedia.org/wiki/Tatyana_Ali	Tatyana Ali
https://en.wikipedia.org/wiki/Tay_Dizm	Tay Dizm
https://en.wikipedia.org/wiki/Taylor_Dayne	Taylor Dayne
https://en.wikipedia.org/wiki/Taylor_Hicks	Taylor Hicks
https://en.wikipedia.org/wiki/Taylor_Swift	Taylor Swift
https://en.wikipedia.org/wiki/Tears_for_Fears	Tears for Fears
https://en.wikipedia.org/wiki/Technotronic	Technotronic
https://en.wikipedia.org/wiki/Teddy_Geiger	Teddy Geiger
https://en.wikipedia.org/wiki/Terror_Squad_(group)	Terror Squad (group)
https://en.wikipedia.org/wiki/Tevin_Campbell	Tevin Campbell
https://en.wikipedia.org/wiki/Thal%C3%ADa	Thalía
https://en.wikipedia.org/wiki/The-Dream	The-Dream
https://en.wikipedia.org/wiki/The_All-American_Rejects	The All-American Rejects
https://en.wikipedia.org/wiki/The_Band_Perry	The Band Perry
https://en.wikipedia.org/wiki/The_Black_Eyed_Peas	The Black Eyed Peas
https://en.wikipedia.org/wiki/The_Blackout_All-Stars	The Blackout All-Stars
https://en.wikipedia.org/wiki/The_Calling_(band)	The Calling (band)
https://en.wikipedia.org/wiki/The_Cataracs	The Cataracs
https://en.wikipedia.org/wiki/The_Click_Five	The Click Five
https://en.wikipedia.org/wiki/The_Cover_Girls	The Cover Girls
https://en.wikipedia.org/wiki/The_Cranberries	The Cranberries
https://en.wikipedia.org/wiki/The_Cure	The Cure
https://en.wikipedia.org/wiki/The_D.E.Y.	The D.E.Y.
https://en.wikipedia.org/wiki/The_Four_Seasons_(band)	The Four Seasons (band)
https://en.wikipedia.org/wiki/The_Fray	The Fray
https://en.wikipedia.org/wiki/The_Fray_(band)	The Fray (band)
https://en.wikipedia.org/wiki/The_Heights_(American_TV_series)	The Heights (American TV series)
https://en.wikipedia.org/wiki/The_Isley_Brothers	The Isley Brothers
https://en.wikipedia.org/wiki/The_KLF	The KLF
https://en.wikipedia.org/wiki/The_Killers	The Killers
https://en.wikipedia.org/wiki/The_Lox	The Lox
https://en.wikipedia.org/wiki/The_Lumineers	The Lumineers
https://en.wikipedia.org/wiki/The_Neighbourhood	The Neighbourhood
https://en.wikipedia.org/wiki/The_New_Power_Generation	The New Power Generation
https://en.wikipedia.org/wiki/The_Notorious_B.I.G.	The Notorious B.I.G.
https://en.wikipedia.org/wiki/The_Pretenders	The Pretenders
https://en.wikipedia.org/wiki/The_Proclaimers	The Proclaimers
https://en.wikipedia.org/wiki/The_Product_G%26B	The Product G&amp;B
https://en.wikipedia.org/wiki/The_Pussycat_Dolls	The Pussycat Dolls
https://en.wikipedia.org/wiki/The_Red_Jumpsuit_Apparatus	The Red Jumpsuit Apparatus
https://en.wikipedia.org/wiki/The_Script	The Script
https://en.wikipedia.org/wiki/The_Smashing_Pumpkins	The Smashing Pumpkins
https://en.wikipedia.org/wiki/The_Veronicas	The Veronicas
https://en.wikipedia.org/wiki/The_Verve	The Verve
https://en.wikipedia.org/wiki/The_Verve_Pipe	The Verve Pipe
https://en.wikipedia.org/wiki/The_Wanted	The Wanted
https://en.wikipedia.org/wiki/Third_Eye_Blind	Third Eye Blind
https://en.wikipedia.org/wiki/Thomas_Rhett	Thomas Rhett
https://en.wikipedia.org/wiki/Thompson_Square	Thompson Square
https://en.wikipedia.org/wiki/Three_6_Mafia	Three 6 Mafia
https://en.wikipedia.org/wiki/Thrust_(rapper)	Thrust (rapper)
https://en.wikipedia.org/wiki/Tiara_Thomas	Tiara Thomas
https://en.wikipedia.org/wiki/Tim_McGraw	Tim McGraw
https://en.wikipedia.org/wiki/Timbaland	Timbaland
https://en.wikipedia.org/wiki/Timbaland_%26_Magoo	Timbaland &amp; Magoo
https://en.wikipedia.org/wiki/Tina_Turner	Tina Turner
https://en.wikipedia.org/wiki/Tinashe	Tinashe
https://en.wikipedia.org/wiki/Tinie_Tempah	Tinie Tempah
https://en.wikipedia.org/wiki/Toad_the_Wet_Sprocket	Toad the Wet Sprocket
https://en.wikipedia.org/wiki/Toby_Keith	Toby Keith
https://en.wikipedia.org/wiki/Tom_Cochrane	Tom Cochrane
https://en.wikipedia.org/wiki/Tom_Petty	Tom Petty
https://en.wikipedia.org/wiki/Tom_Petty_and_the_Heartbreakers	Tom Petty and the Heartbreakers
https://en.wikipedia.org/wiki/Toni_Braxton	Toni Braxton
https://en.wikipedia.org/wiki/Tony!_Toni!_Ton%C3%A9!	Tony! Toni! Toné!
https://en.wikipedia.org/wiki/Tony_Rich	Tony Rich
https://en.wikipedia.org/wiki/Too_Short	Too Short
https://en.wikipedia.org/wiki/Total_(band)	Total (band)
https://en.wikipedia.org/wiki/Total_(group)	Total (group)
https://en.wikipedia.org/wiki/Tove_Lo	Tove Lo
https://en.wikipedia.org/wiki/Toya_(singer)	Toya (singer)
https://en.wikipedia.org/wiki/Trace_Adkins	Trace Adkins
https://en.wikipedia.org/wiki/Tracy_Chapman	Tracy Chapman
https://en.wikipedia.org/wiki/Train_(band)	Train (band)
https://en.wikipedia.org/wiki/Trapt	Trapt
https://en.wikipedia.org/wiki/Travie_McCoy	Travie McCoy
https://en.wikipedia.org/wiki/Travis_Tritt	Travis Tritt
https://en.wikipedia.org/wiki/Trey_Songz	Trey Songz
https://en.wikipedia.org/wiki/Trick_Daddy	Trick Daddy
https://en.wikipedia.org/wiki/Trillville	Trillville
https://en.wikipedia.org/wiki/Trina_%26_Tamara	Trina &amp; Tamara
https://en.wikipedia.org/wiki/Truth_Hurts_(singer)	Truth Hurts (singer)
https://en.wikipedia.org/wiki/Tupac_Shakur	Tupac Shakur
https://en.wikipedia.org/wiki/Tweet_(singer)	Tweet (singer)
https://en.wikipedia.org/wiki/Twista	Twista
https://en.wikipedia.org/wiki/Tyga	Tyga
https://en.wikipedia.org/wiki/Tyrese_Gibson	Tyrese Gibson
https://en.wikipedia.org/wiki/U2	U2
https://en.wikipedia.org/wiki/UB40	UB40
https://en.wikipedia.org/wiki/UGK	UGK
https://en.wikipedia.org/wiki/Ugly_Kid_Joe	Ugly Kid Joe
https://en.wikipedia.org/wiki/Uncle_Kracker	Uncle Kracker
https://en.wikipedia.org/wiki/Uncle_Sam_(singer)	Uncle Sam (singer)
https://en.wikipedia.org/wiki/Unk	Unk
https://en.wikipedia.org/wiki/Us3	Us3
https://en.wikipedia.org/wiki/Usher_(entertainer)	Usher (entertainer)
https://en.wikipedia.org/wiki/Usher_(musician)	Usher (musician)
https://en.wikipedia.org/wiki/Usher_(singer)	Usher (singer)
https://en.wikipedia.org/wiki/Van_Halen	Van Halen
https://en.wikipedia.org/wiki/Vanessa_Carlton	Vanessa Carlton
https://en.wikipedia.org/wiki/Vanessa_L._Williams	Vanessa L. Williams
https://en.wikipedia.org/wiki/Vertical_Horizon	Vertical Horizon
https://en.wikipedia.org/wiki/Vika_Jigulina	Vika Jigulina
https://en.wikipedia.org/wiki/Vita_(rapper)	Vita (rapper)
https://en.wikipedia.org/wiki/Voices_of_Theory	Voices of Theory
https://en.wikipedia.org/wiki/Waka_Flocka_Flame	Waka Flocka Flame
https://en.wikipedia.org/wiki/Wale_(rapper)	Wale (rapper)
https://en.wikipedia.org/wiki/Wanz	Wanz
https://en.wikipedia.org/wiki/Warren_G	Warren G
https://en.wikipedia.org/wiki/Wayne_Wonder	Wayne Wonder
https://en.wikipedia.org/wiki/Webbie	Webbie
https://en.wikipedia.org/wiki/Weezer	Weezer
https://en.wikipedia.org/wiki/Westlife	Westlife
https://en.wikipedia.org/wiki/White_Town	White Town
https://en.wikipedia.org/wiki/Whitney_Houston	Whitney Houston
https://en.wikipedia.org/wiki/Will.i.am	Will.i.am
https://en.wikipedia.org/wiki/Will_Smith	Will Smith
https://en.wikipedia.org/wiki/Willa_Ford	Willa Ford
https://en.wikipedia.org/wiki/Willie_Nelson	Willie Nelson
https://en.wikipedia.org/wiki/Wiz_Khalifa	Wiz Khalifa
https://en.wikipedia.org/wiki/Wreckx-n-Effect	Wreckx-n-Effect
https://en.wikipedia.org/wiki/Wyclef_Jean	Wyclef Jean
https://en.wikipedia.org/wiki/Wynter_Gordon	Wynter Gordon
https://en.wikipedia.org/wiki/Xscape_(band)	Xscape (band)
https://en.wikipedia.org/wiki/YG_(rapper)	YG (rapper)
https://en.wikipedia.org/wiki/Ya_Kid_K	Ya Kid K
https://en.wikipedia.org/wiki/Yanou	Yanou
https://en.wikipedia.org/wiki/Ying_Yang_Twins	Ying Yang Twins
https://en.wikipedia.org/wiki/Ylvis	Ylvis
https://en.wikipedia.org/wiki/YoungBloodZ	YoungBloodZ
https://en.wikipedia.org/wiki/Young_Buck	Young Buck
https://en.wikipedia.org/wiki/Young_Dro	Young Dro
https://en.wikipedia.org/wiki/Young_Gunz	Young Gunz
https://en.wikipedia.org/wiki/Young_Jeezy	Young Jeezy
https://en.wikipedia.org/wiki/Young_Money	Young Money
https://en.wikipedia.org/wiki/Young_Money_Entertainment	Young Money Entertainment
https://en.wikipedia.org/wiki/Young_Thug	Young Thug
https://en.wikipedia.org/wiki/Yung_Berg	Yung Berg
https://en.wikipedia.org/wiki/Yung_Joc	Yung Joc
https://en.wikipedia.org/wiki/Zac_Brown_Band	Zac Brown Band
https://en.wikipedia.org/wiki/Zedd	Zedd
https://en.wikipedia.org/wiki/Zhan%C3%A9	Zhané
